id,title
1606824379,Sabah Al Ward Al Wataniah Perfume Árabe Feminino Eau de Parfum 100ml
1606847884,Club de Nuit Intense Man Armaf Perfume Árabe Masculino Eau de Toilette 105ml
1606847889,Body Splash Fakhar Feminino Lattafa 250ml
1606847893,Kit Perfume Árabe Lattafa Asad Eau de Parfum 100ml + Miniatura + Shower Gel
1606847896,Kit Perfume Árabe Lattafa Asad Bourbon Eau de Parfum 100ml + Miniatura + Shower Gel
1606847899,Kit Perfume Árabe Badee Al Oud Noble Blush Eau de Parfum 100ml + Miniatura + Shower Gel
1606847902,Kit Perfume Árabe Lattafa Khamrah 100ml + Miniatura + Hair Mist
1606847903,Kit Perfume Árabe Lattafa Yara Tous Eau de Parfum 100ml + Miniatura + Shower Gel
1606847904,Asad Lattafa Perfume Árabe Masculino Eau de Parfum 100ml
1606847905,Asad Bourbon Lattafa Perfume Árabe Unissex Eau de Parfum 100ml
1606847909,Asad Elixir Lattafa Perfume Árabe Masculino Eau de Parfum 100ml
1606847910,Atheeri Lattafa Perfume Árabe Feminino Eau de Parfum 100ml
1606847912,Badee Al Oud Amethyst Lattafa Perfume Árabe Unissex Eau de Parfum 100ml
1606847913,Eclaire Pistache Lattafa Perfume Árabe Unissex Eau de Parfum 100ml
1606847915,Fakhar Black Lattafa Perfume Árabe Masculino Eau de Parfum 100ml
1606847918,Fakhar Rose Lattafa Perfume Árabe Feminino Eau de Parfum 100ml
1606847919,Khamrah Dukhan Lattafa Perfume Árabe Masculino Eau de Parfum 100ml
1606847920,Khamrah Qahwa Lattafa Perfume Árabe Unissex Eau de Parfum 100ml
1606847921,Yara Lattafa Perfume Árabe Feminino Eau de Parfum 100ml
1606847927,Yara Elixir Lattafa Perfume Árabe Feminino Eau de Parfum 100ml
1606847963,Yara Moi Lattafa Perfume Árabe Feminino Eau de Parfum 100ml
1606847998,Yara Tous Lattafa Perfume Árabe Feminino Eau de Parfum 100ml
1606848037,Sceptre Malachite Maison Alhambra Perfume Árabe Unissex Eau de Parfum 100ml
1606848071,Hawas for Him Rasasi Perfume Árabe Masculino Eau de Parfum
1606855076,L'Aventure Al Haramain Perfume Árabe Unissex Eau de Parfum 100ml
1606855093,Liquid Brun French Avenue Perfume Árabe Masculino Eau de Parfum 100ml
1606855102,Afeef Lattafa Perfume Árabe Eau de Parfum 100ml
1606855108,His Confession Lattafa Perfume Árabe Masculino Eau de Parfum 100ml
1606855114,The Kingdom For Women Lattafa Perfume Árabe Feminino Eau de Parfum 100ml
1606855120,Hawas Black Rasasi Perfume Árabe Masculino Eau de Parfum 100ml
1606870506,Supremacy Collector's Edition Pour Homme Afnan Perfume Árabe Masculino Eau de Parfum 100ml
1606870513,Vulcan Feu French Avenue Perfume Árabe Unissex Eau de Parfum 100ml
1606870523,Emeer Lattafa Perfume Árabe Unissex Eau de Parfum 100ml
1606870529,Khanjar Lattafa Perfume Árabe Unissex Eau de Parfum 85ml
1606870538,Musamam White Intense Lattafa Perfume Árabe Unissex Eau de Parfum 100ml
1606870545,Salvo Maison Alhambra Perfume Árabe Masculino Eau de Parfum 100ml
1606973072,9PM Afnan Perfume Árabe Masculino Eau de Parfum 100ml
1606973073,Club de Nuit Maleka Armaf Perfume Árabe Feminino Eau de Parfum 105ml
1606973078,Hawas Kobra Rasasi Perfume Árabe Masculino Eau de Parfum 100ml
1607025463,Body Cream Asad Ard Al Zaafaran 280g
1607025470,Body Cream Khamrah Ard Al Zaafaran 300g
1607025487,Body Cream Yara Ard Al Zaafaran 310g
1607107384,Al Nashama Caprice Lattafa Perfume Árabe Unissex Eau de Parfum 100ml
1607107388,Al Noble Safeer Lattafa Perfume Árabe Unissex Eau de Parfum 100ml
1607107401,Art of Arabia I Lattafa Perfume Árabe Unissex Eau de Parfum 100ml
1607107406,Art of Arabia II Lattafa Perfume Árabe Unissex Eau de Parfum 100ml
1607107410,Art of Arabia III Lattafa Perfume Árabe Unissex Eau de Parfum 100ml
1607107420,Art of Nature I Lattafa Perfume Árabe Unissex Eau de Parfum 100ml
1607107427,Badee Al Oud - Oud for Glory Lattafa Perfume Árabe Unissex Eau de Parfum 100ml
1607107431,Classic Stone Lattafa Perfume Árabe Unissex Eau de Parfum 100ml
1607107434,Fakhar Platin Lattafa Perfume Árabe Masculino Eau de Parfum 100ml
1607107438,Ishq Al Shuyukh Gold Lattafa Perfume Árabe Feminino Eau de Parfum 100ml
1607107442,Maahir Honor Lattafa Perfume Árabe Unissex Eau de Parfum 100ml
1607107446,Qaed Al Fursan Lattafa Perfume Árabe Unissex Eau de Parfum 90ml
1607107449,Teriaq Lattafa Perfume Árabe Feminino Eau de Parfum 100ml
1607107456,Perseus Maison Alhambra Perfume Árabe Masculino Eau de Parfum 100ml
1607109371,Turathi Electric Afnan Perfume Árabe Unissex Eau de Parfum 90ml
1607109376,Odyssey Mandarin Sky Armaf Perfume Árabe Masculino Eau de Parfum 100ml
1607109380,Spectre Wraith French Avenue Perfume Árabe Masculino Eau de Parfum 80ml
1607109385,Al Noble Wazeer Lattafa Perfume Árabe Unissex Eau de Parfum 100ml
1607110618,9AM Dive Afnan Perfume Árabe Unissex Eau de Parfum 100ml
1607110627,Turathi Blue Afnan Perfume Árabe Masculino Eau de Parfum 90ml
1607110628,Kit Perfume Árabe Badee Al Oud Collection 4x25ml Lattafa — 4 Perfumes de 25 ml
1607110636,Badee Al Oud - Oud for Glory Lattafa Perfume Árabe 25ml
1607110639,Badee Al Oud Honor & Glory Lattafa Perfume Árabe 25ml
1607110642,Badee Al Oud Noble Blush Lattafa Perfume Árabe Feminino 25ml
1607110648,Badee Al Oud Sublime Lattafa Perfume Árabe 25ml
1607110651,Fakhar Gold (Fakhar ) Lattafa Perfume Árabe Masculino Extrait de Parfum 100ml
1607110654,Khamrah Original Lattafa Perfume Árabe Unissex 100ml
1607110662,Pacific Aura Rayhaan Perfume Árabe Masculino Eau de Parfum 100ml
1607722842,Mayar Lattafa Perfume Árabe Feminino Eau de Parfum 100ml
1607722852,Nebras Elixir Lattafa Perfume Árabe Unissex Eau de Parfum 100ml
1607722860,Eternal Oud Pride Lattafa Perfume Árabe Unissex Eau de Parfum 100ml
1607722873,Pride Breeze Lattafa Perfume Árabe Unissex Eau de Parfum 100ml
1607722882,Mashrabya Lattafa Perfume Árabe Unissex Eau de Parfum 100ml
1607725752,Club de Nuit Urban Man Elixir Armaf Perfume Árabe Masculino Eau de Parfum 105ml
1607725763,Club de Nuit Iconic Armaf Perfume Árabe Masculino Eau de Parfum 105ml
1607725773,Club de Nuit Milestone Armaf Perfume Árabe Masculino Eau de Parfum 105ml
1607725785,Elixir Rayhaan Perfume Árabe Masculino Eau de Parfum 100ml
1607725799,Obsidian Rayhaan Perfume Árabe Masculino Eau de Parfum 100ml
1607725812,Voux Zingy Paris Corner Perfume Árabe Unissex Eau de Parfum 100ml
1607725821,Voux Zeste Paris Corner Perfume Árabe Unissex Eau de Parfum 100ml
1607725828,Voux Elegante Paris Corner Perfume Árabe Unissex Eau de Parfum 100ml
1607725839,Spectre Ghost French Avenue Perfume Árabe Masculino Eau de Parfum 80ml
1607728613,Liquid Brun Limited Edition French Avenue Perfume Árabe Unissex Extrait de Parfum 150ml
1607728615,Royal Blend Nero French Avenue Perfume Árabe Masculino Extrait de Parfum 100ml
1607728678,Attar Al Wesal Al Wataniah Perfume Árabe Unissex Eau de Parfum 100ml
1607728683,Hawas Ice Rasasi Perfume Árabe Unissex Eau de Parfum 100ml
1607728686,Ophidian Mango Bliss Paris Corner Perfume Árabe Extrait de Parfum 100ml
1607728701,Lueur d'Espoir Serene Grove Paris Corner Perfume Árabe Unissex Eau de Parfum 100ml
1607731673,Homme Elixir Stella Dustin Perfume Árabe Masculino 100ml
1607731679,Kit Perfume Árabe Lattafa Asad Collection 4 Miniaturas de 5ml
1609183620,Antique Niche Emarati Lattafa Perfume Árabe Unissex Eau de Parfum 100ml
1609183674,Sakeena Lattafa Perfume Árabe Feminino Eau de Parfum 100ml
1609183706,Symphony Saz Mawwal Perfume Árabe Masculino Eau de Parfum 100ml
1609183728,Pinnace French Avenue Perfume Árabe Masculino Eau de Parfum 100ml
1609183751,Sharaf Blend Zimaya Perfume Árabe Unissex Eau de Parfum 100ml
1609452913,Mawj Appletini Paris Corner Perfume Árabe Eau de Parfum 100ml
1609453873,Voux Violette Paris Corner Perfume Árabe Eau de Parfum 100ml
1609454112,Zodiac Paris Corner Perfume Árabe Eau de Parfum 100ml
1609454407,Hawas Eclat Rasasi Perfume Árabe Feminino Eau de Parfum 100ml
1609454619,Hawas Elixir Rasasi Perfume Árabe Unissex Eau de Parfum 100ml
1609454923,Hawas Chrome Rasasi Perfume Árabe Unissex Eau de Parfum 100ml
1609455194,Malek (Fantasy) Mawwal Perfume Árabe Unissex Eau de Parfum 100ml
1609455416,Eqaab Al Wataniah Perfume Árabe Eau de Parfum 100ml
1609455561,Imperia Rayhaan Perfume Árabe Masculino Eau de Parfum 100ml
1609456263,Italia Rayhaan Perfume Árabe Unissex Eau de Parfum 100ml
1609456860,Shaheen Gold Pride Lattafa Perfume Árabe Unissex Eau de Parfum 100ml
1609457100,Al Noble Ameer Lattafa Perfume Árabe Unissex Eau de Parfum 100ml
1609457367,Musk Sugar Plum Lattafa Perfume Árabe Feminino Eau de Parfum 100ml
1609457597,Odyssey Spectra Armaf Perfume Árabe Eau de Parfum 100ml
1609457757,Aquatica Rayhaan Perfume Árabe Masculino Eau de Parfum 100ml
1609458463,Divine Rayhaan Perfume Árabe Feminino Eau de Parfum 100ml
1609458715,Lion Rayhaan Perfume Árabe Masculino Eau de Parfum 100ml
1609458982,Corium Rayhaan Perfume Árabe Masculino Eau de Parfum 100ml
1609459265,Tropical Vibe Rayhaan Perfume Árabe Unissex Eau de Parfum 100ml
1609459536,Ocean Rush Rayhaan Perfume Árabe Masculino Eau de Parfum 100ml
1609512119,Supremacy Tapis Rouge Afnan Perfume Árabe Feminino Eau de Parfum 90ml
1609512466,Lions Club Rugir Armaf Perfume Árabe Eau de Parfum 100ml
1609512532,Odyssey Homme (frasco preto) Armaf Perfume Árabe Masculino Eau de Parfum 100ml
1609512635,Vulcan Baie French Avenue Perfume Árabe Feminino Extrait de Parfum 100ml
1609512722,Haya Lattafa Perfume Árabe Feminino Eau de Parfum 100ml
1609512795,Vintage Castle Lattafa Perfume Árabe Unissex Eau de Parfum 100ml
1609512866,Oud Mystery Intense Al Wataniah Perfume Árabe Eau de Parfum 100ml
1609808254,Avant Maison Alhambra Perfume Árabe Masculino 30ml
1609815287,Pacific Blue Maison Alhambra Perfume Árabe Unissex 30ml
1609815536,Fakhama Maison Asrar Perfume Árabe Feminino Eau de Parfum 100ml
1609816103,Vision Maison Asrar Perfume Árabe Masculino Eau de Parfum 100ml
1609822473,Reyna Maison Alhambra Perfume Árabe Eau de Parfum 30ml
1609822634,DXB Maison Asrar Perfume Árabe Masculino Eau de Parfum 100ml
1609822865,Regent Maison Asrar Perfume Árabe Masculino Eau de Parfum 100ml
1609823053,Rey Maison Asrar Perfume Árabe Masculino Eau de Parfum 100ml
1609876425,Mawj Moscow Mule Paris Corner Perfume Árabe Eau de Parfum 100ml
1609890494,Pear Potion Emir Paris Corner Perfume Árabe Eau de Parfum 100ml
1609891316,Vintage Radio Lattafa Perfume Árabe Unissex Eau de Parfum 100ml
1609892005,Musamam Black Intense Lattafa Perfume Árabe Masculino Eau de Parfum 100ml
1609893799,Date Caramel Paris Corner Perfume Árabe 100ml
1609958432,Armaf Club de Nuit Collector's Pride: Kit com 10 Miniaturas
1609962759,Kit Perfume Árabe Club de Nuit Woman Armaf 4 Peças: Eau de Parfum 105ml com Itens de Corpo
1610394087,Club de Nuit Woman Armaf Perfume Árabe Eau de Parfum 105ml
1610446384,Cedrus Blanc Rayhaan Perfume Árabe Unissex Eau de Parfum 100ml
1610446385,"Jungle Vibe , perfume verde e fresco Rayhaan Perfume Árabe Unissex Eau de Parfum"
1610446393,Pinnace Noir French Avenue Perfume Árabe Masculino Eau de Parfum
1610446400,Azul Rayhaan Perfume Árabe Masculino Eau de Parfum 100ml
1610471835,Hawas Malibu Rasasi Perfume Árabe Unissex Eau de Parfum 100ml
1610472049,Cassius Maison Alhambra Perfume Árabe 30ml
1610472227,Watani Intense Al Wataniah Perfume Árabe Eau de Parfum 100ml
1610725043,Najma Universe Mawwal Perfume Árabe Unissex Eau de Parfum 100ml
1610813316,Silver Elixir Maison Asrar Perfume Árabe Masculino Eau de Parfum
1610814200,9PM Elixir Afnan Perfume Árabe Unissex Eau de Parfum 100ml
1610815039,Asad Zanzibar Lattafa Perfume Árabe Masculino Eau de Parfum 100ml
1610816094,Momento Riiffs Perfume Árabe Extrait de Parfum 100ml
1610816888,Limoni: Odyssey Limoni Fresh Armaf Perfume Árabe Eau de Parfum 100ml
1610818196,Amazonica Rayhaan Perfume Árabe Eau de Parfum 100ml
1610819924,"Kit Perfume Árabe Club de Nuit Intense Man Armaf 4 Peças: Eau de Toilette 105ml, Spray 10ml, Shower Gel e Body Spray"
1610820626,"Kit Odyssey Mandarin Sky Armaf 4 Peças: Eau de Parfum 10ml, Shower Gel, Creme e Body Spray"
1610821068,So Glam Rouge Intense Maison Alhambra Perfume Árabe Eau de Parfum 100ml
1610821491,9PM Rebel Afnan Perfume Árabe Unissex Eau de Parfum 100ml
1610822590,Qaed Al Fursan Untamed Lattafa Perfume Árabe Eau de Parfum 90ml
1610823137,Voux Blue Oud Paris Corner Perfume Árabe Unissex Eau de Parfum 100ml
1610823588,Perseus Exclusif Maison Alhambra Perfume Árabe Eau de Parfum 30ml
1610839268,"Kit Perfume Árabe Fakhar Black Lattafa Masculino: 100ml, 12ml e Shower Gel"
1610839274,Kit Perfume Árabe Badee Al Oud Collection 5x5ml Lattafa: 5 Miniaturas de Eau de Parfum
1610839286,Club de Nuit Intense Fuego Armaf Perfume Árabe 105ml
1611298801,Opulent Dubai Lattafa Perfume Árabe Unissex Eau de Parfum 100ml
1611298962,Azzure Aoud French Avenue Perfume Árabe Masculino Eau de Parfum 100ml
1611299314,Hawas Tropical Rasasi Perfume Árabe Eau de Parfum 100ml
1611447995,Khamrah Waha Lattafa Perfume Árabe Unissex Eau de Parfum 100ml
1611596822,Hayaati Lattafa Perfume Árabe Masculino Eau de Parfum 100ml
1611597005,Queen of Arabia Lattafa Perfume Árabe Feminino Eau de Parfum 100ml
1611597246,Teriaq Intense Lattafa Perfume Árabe Unissex Eau de Parfum 100ml
1611597445,Asad Zanzibar Limited Edition Lattafa Perfume Árabe Masculino Eau de Parfum 100ml
1611604797,Maktub La Vie Bidaya Perfume Árabe Unissex Eau de Parfum 100ml
1611605230,Habibi King Bidaya Perfume Árabe Masculino Eau de Parfum 100ml
1611605654,Habibi Prince Bidaya Perfume Árabe Masculino Eau de Parfum 100ml
1611605957,Ayat de Bidaya Perfume Árabe Unissex Eau de Parfum 100ml
1611606577,Aisha Queen Bidaya Perfume Árabe Feminino Eau de Parfum 100ml
1611607085,Club de Nuit Sillage Armaf Perfume Árabe Masculino Eau de Parfum 105ml
1611631485,Aisha Princess Bidaya Perfume Árabe Feminino Eau de Parfum 100ml
1611631808,Alpine Homme Sport Maison Alhambra Perfume Árabe Eau de Parfum
1611632089,Attar Al Wesal Gold Al Wataniah Perfume Árabe Eau de Parfum 100ml
1611632307,Hawas Verde Cítrico Rasasi Perfume Árabe Eau de Parfum 100ml
1611632799,Special Oud Al Wataniah Perfume Árabe Eau de Parfum 100ml
1611632885,Sabah Al Ward Valentine Al Wataniah Perfume Árabe Eau de Parfum 100ml
1611633300,Ajwad Lattafa Perfume Árabe Feminino Eau de Parfum 60ml
1611634084,Club de Nuit Elite Armaf Perfume Árabe Unissex Eau de Parfum 100ml
1611634110,Maahir Legacy Lattafa Perfume Árabe Eau de Parfum 100ml
1611634763,Kenz Al Malik Al Wataniah Perfume Árabe Eau de Parfum 100ml
1611636125,Aether French Avenue Perfume Árabe Extrait de Parfum 100ml
1611636523,Vulcan Sable French Avenue Perfume Árabe Eau de Parfum 100ml
1611645700,Muharib Maison Asrar Perfume Árabe Masculino Eau de Parfum 100ml
1611645903,Freeze in Flames Riiffs Perfume Árabe Extrait de Parfum 100ml
1611646122,Durrat Al Aroos Al Wataniah Perfume Árabe Eau de Parfum 85ml
1611646343,Angham Lattafa Perfume Árabe Unissex Eau de Parfum 100ml
1611646967,Historic Olmeda Afnan Perfume Árabe Unissex Eau de Parfum 100ml
1611647126,Aqua Dubai Amber Oud Al Haramain Perfume Árabe Unissex Extrait de Parfum 100ml
1611648215,Amnia de Al Wataniah Perfume Árabe Eau de Parfum 100ml
1611648719,Sabah Al Ward Sugar Al Wataniah Perfume Árabe Eau de Parfum 100ml
1611648918,Sultan Al Lail Al Wataniah Perfume Árabe Eau de Parfum 100ml
1611649118,Thahaani de Al Wataniah Perfume Árabe Eau de Parfum 100ml
1611649384,Ameerati de Al Wataniah Perfume Árabe Eau de Parfum 100ml
1611649745,Club de Nuit Oud Parfum Armaf Perfume Árabe Masculino 105ml
1611651055,Club de Nuit Precieux I Armaf Perfume Árabe Eau de Parfum 55ml
1611651382,Odyssey Mandarin Sky Elixir Armaf Perfume Árabe Masculino Eau de Parfum 100ml
1611654950,Tiger Rayhaan Perfume Árabe Masculino Eau de Parfum 100ml
1611660301,Mindset Maison Alhambra Perfume Árabe Eau de Parfum 100ml
1611660590,Majesty Maison Asrar Perfume Árabe Eau de Parfum 100ml
1611662005,Atlantis French Avenue Perfume Árabe Extrait de Parfum 100ml
1611662234,Royal Blend French Avenue Perfume Árabe Extrait de Parfum 100ml
1611662623,Kiss de Rayhaan Perfume Árabe Feminino Eau de Parfum 100ml
1611663384,Nocturno Elixir Rayhaan Perfume Árabe Masculino Eau de Parfum 100ml
1611664827,Bareeq Al Dhahab Al Wataniah Perfume Árabe Eau de Parfum 100ml
1611666932,Suqraat Lattafa Perfume Árabe Masculino Eau de Parfum 100ml
1611667553,Atlas Aquático Lattafa Perfume Árabe Eau de Parfum 55ml
1611668471,Valhalla de Rayhaan Perfume Árabe Unissex Eau de Parfum 100ml
1611669570,Club de Nuit Imperiale Armaf Perfume Árabe Eau de Parfum 105ml
1611669683,Tropical Kiss French Avenue Perfume Árabe Feminino Eau de Parfum 80ml
1611696102,Musamam Lattafa Perfume Árabe Unissex Eau de Parfum 100ml
1611700381,Badee Al Oud Black Exposed Lattafa Perfume Árabe Unissex Eau de Parfum 100ml
1611700951,Badee Al Oud Noble Blush Lattafa Perfume Árabe Feminino Eau de Parfum 100ml
1612865457,Club de Nuit Lionheart Man Armaf Perfume Árabe Masculino Eau de Parfum 100ml
1612868152,Fahad de Lattafa Perfume Árabe Masculino Eau de Parfum 80ml
1613498056,Kit Perfume Árabe Haya EDP 100ml + 12ml + Hair Mist 50ml Lattafa
1613498282,Kit Perfume Árabe Badee Al Oud Sublime EDP 100ml + 12ml + Hair Mist 50ml Lattafa
1613498541,Kit Perfume Árabe Teriaq EDP 100ml + 12ml + Hair Mist 50ml Lattafa
1613498855,Kit Perfume Árabe Teriaq Intense EDP 100ml + 12ml + 50ml Lattafa
1613499076,Kit Perfume Árabe Maahir 3 em 1 (100ml + Deo 200ml + Aromatizador 300ml) Lattafa
1613499256,Kit Perfume Árabe Maahir Black 3 em 1 (100ml + Deo 200ml + Aromatizador 300ml) Lattafa
1613516486,Kit Perfume Árabe Lumina White EDP 100ml + Loção 100ml + Refil 5ml Stella Dustin
1613516654,Kit Perfume Árabe Self Legends EDP 100ml + Refil 5ml + Gel de Banho 100ml Stella Dustin
1613517650,Self Legends Stella Dustin Perfume Árabe Eau de Parfum 100ml
1613517895,Ikario Stella Dustin Perfume Árabe Eau de Parfum 100ml
1613518115,Espada Guarani Stella Dustin Perfume Árabe Eau de Parfum 100ml
1613518365,Marine Alloy Stella Dustin Perfume Árabe Eau de Parfum 100ml
1613518483,Our Love Stella Dustin Perfume Árabe Eau de Parfum 100ml
1613518716,Shagaf Al Ward Al Wataniah Perfume Árabe Eau de Parfum 100ml
1613518873,Homme Stella Dustin Perfume Árabe Eau de Parfum 100ml
1613519055,Sinnos Pour Homme Stella Dustin Perfume Árabe Eau de Parfum 100ml
1613519262,San Marino Stella Dustin Perfume Árabe Eau de Parfum 100ml
1613526267,Silver Alloy Stella Dustin Perfume Árabe Eau de Parfum 100ml
1613526620,Victoria Lattafa Perfume Árabe Eau de Parfum 100ml
1613527031,Self Stella Dustin Perfume Árabe Eau de Parfum 100ml
1613527357,My Rose Stella Dustin Perfume Árabe Eau de Parfum 100ml
1613527681,1963 Maison Asrar Perfume Árabe Eau de Parfum 100ml
1613528031,Ana Abiyedh Lattafa Perfume Árabe Eau de Parfum 60ml
1613528312,Yum Yum Armaf Perfume Árabe Unissex Eau de Parfum 100ml
1613528630,Club de Nuit Untold Armaf Perfume Árabe Unissex Eau de Parfum 105ml
1613532284,Watani Pink Al Wataniah Perfume Árabe Eau de Parfum 100ml
1613532709,Pink Eclipse Maison Alhambra Perfume Árabe Eau de Parfum 100ml
1613543070,Her Confession Lattafa Perfume Árabe Eau de Parfum 100ml
1614027432,The Kingdom Lattafa Perfume Árabe Masculino Eau de Parfum 100ml
1614152485,Club de Nuit Intense Overdose Armaf Perfume Árabe Masculino Extrait de Parfum
1614155436,Durrat Al Aroos Love Al Wataniah Perfume Árabe Eau de Parfum 85ml
1614155827,Eclaire Lattafa Perfume Árabe Eau de Parfum 100ml
1614156192,Tharwah Gold Lattafa Perfume Árabe Eau de Parfum 100ml
1614818863,Exclusive Azure Fantasy Orientica Perfume Árabe 80ml
1614819382,Royal Amber Gold Orientica Perfume Árabe 150ml
1614819912,Amber Rouge Orientica Perfume Árabe 80ml
1614820579,Royal Bleu Orientica Perfume Árabe 80ml
1614821988,Cherry in the Woods Aurora Perfume Árabe 100ml
1614823353,Jorge Di Profumo Black Maison Alhambra Perfume Árabe 100ml
1614824695,9PM Night Out Afnan Perfume Árabe 100ml
1615880127,Marshmallow Blush Paris Corner Perfume Árabe 100ml
1615880399,So Candid Pour Homme Maison Alhambra Perfume Árabe 100ml
1615880712,Salvo Elixir Maison Alhambra Perfume Árabe 60ml
1615880989,Delilah Blanc Maison Alhambra Perfume Árabe 100ml
